{
    "metadata": {
        "name": "uukscc",
        "author": "Your Name",
        "version": 2,
        "source": "https://uukanshu.cc",
        "regexp": "(www\\.)?uukanshu\\.cc(/.*)?",
        "description": "Đọc truyện trên trang uukanshu.cc",
        "locale": "zh_CN",
        "language": "javascript",
        "type": "chinese_novel"
    },
    "script": {
        "home": "home.js",
        "genre": "genre.js",
        "detail": "detail.js",
        "toc": "toc.js",
        "chap": "chap.js",
        "search": "search.js"
    }
}